Frame,Angle (degrees),Classification
1,67.78411763640943,direct
2,73.79841260518845,direct
3,86.83542637811445,direct
4,87.78236489180843,direct
5,80.49564127749699,direct
